datetime,tempmax,tempmin,temp,feelslike,humidity,precip,precipprob,precipcover,preciptype,windgust,windspeed,sealevelpressure,visibility,solarradiation,uvindex,conditions
2021-01-01,24.9,10.8,17.7,17.7,63,0,0,0,,,33.5,1014.5,9.9,389.6,10,Partially cloudy
2021-01-02,33.2,12.2,22.8,22.8,59.7,0,0,0,,,24.1,1014.6,10,379.2,10,Clear
2021-01-03,34.6,17.8,24.7,24.8,63.5,0,0,0,,,27.7,1013.4,9.5,359,10,Partially cloudy
2021-01-04,23.8,17.9,20.6,20.6,87.7,0,0,0,,,24.9,1013,7.4,147.3,5,Overcast
2021-01-05,20.8,18.1,19.3,19.3,94.5,5,100,8.33,rain,,37.1,1013.6,3.5,209.1,6,"Rain, Overcast"
2021-01-06,21.9,17,19.5,19.5,95.1,47.4,100,16.67,rain,63,61.2,1008,4.8,130.2,3,"Rain, Overcast"
2021-01-07,23.1,16.8,19.2,19.2,87.1,4.3,100,8.33,rain,44.6,29.5,1003.2,9.1,359.8,10,"Rain, Partially cloudy"
2021-01-08,21,13.1,17.9,17.9,70.7,0,0,0,,40.7,24.1,1011.6,9.9,336.8,10,Partially cloudy
2021-01-09,27.1,9,17.7,17.7,74.2,0,0,0,,,33.5,1012.3,9.3,378.8,10,Partially cloudy
2021-01-10,29.8,16.1,21.9,22,74.6,0,0,0,,48.2,37.1,1010.1,9.6,351.9,10,Partially cloudy
2021-01-11,25.8,15.8,20.3,20.3,73.8,20,100,8.33,rain,42.5,31.7,1006.7,8.3,166.3,5,"Rain, Partially cloudy"
2021-01-12,22.3,8.2,16.7,16.5,53.9,0,0,0,,,20.5,1017.8,10,393.1,10,Clear
2021-01-13,25.8,11.2,18.1,18.1,61.7,0,0,0,,,27.7,1022.2,10,384,10,Clear
2021-01-14,23.8,14.2,19.6,19.6,66.8,0,0,0,,,51.8,1020.8,10,337.2,10,Partially cloudy
2021-01-15,27,18.9,21.9,21.9,72.5,0,0,0,,,33.5,1010.3,10,260.3,8,Partially cloudy
2021-01-16,27.1,17.8,20.2,20.3,87.1,5,100,4.17,rain,37.1,38.9,1005.7,6.9,286,9,"Rain, Partially cloudy"
2021-01-17,19.8,15.1,17,17,81.5,5.6,100,12.5,rain,50,25.9,1006.1,8,136.3,5,"Rain, Partially cloudy"
2021-01-18,31.1,8.5,20.8,20.5,62.1,0,0,0,,42.5,31.7,1011.4,9.9,377.1,10,Clear
2021-01-19,29,15.7,21.1,21.1,67.9,0,0,0,,,24.1,1016.1,10,375.8,10,Clear
2021-01-20,30,14.1,22.2,22.4,80.2,0,0,0,,,25.9,1019,9.6,366.9,10,Clear
2021-01-21,31,18.3,23.5,24.1,80.8,0,0,0,,,25.9,1020.4,8.5,367.1,10,Clear
2021-01-22,31.9,19.1,23.8,24.1,78.7,0,0,0,,,27.7,1020.3,8,369.9,10,Clear
2021-01-23,32.2,19.9,25,25.9,80.6,0,0,0,,,25.9,1015.3,7.4,365.8,10,Partially cloudy
2021-01-24,32,19.8,24.5,25.2,83.3,0,0,0,,,27.7,1012.4,7.8,354.7,10,Partially cloudy
2021-01-25,34.1,21.1,26.4,27.6,75.9,0,0,0,,,29.5,1006.6,8.3,351.3,10,Partially cloudy
2021-01-26,27.4,19.2,22.5,22.6,86.8,0,0,0,,,18.4,1004.3,7.1,133.2,4,Overcast
2021-01-27,22.7,17.2,19.8,19.8,68.7,0,0,0,,,27.7,1007.1,10,367.2,10,Partially cloudy
2021-01-28,27.8,14.9,20.9,21,73.8,5,100,4.17,rain,,24.1,1005.8,9.3,328.9,10,"Rain, Partially cloudy"
2021-01-29,29.1,16.9,22.6,22.4,61.8,0.1,100,4.17,rain,,22.3,1003.4,9.3,301.5,10,"Rain, Partially cloudy"
2021-01-30,18.9,15.6,17.5,17.5,69,0,0,0,,48.2,37.1,1013.7,9.4,129.4,4,Partially cloudy
2021-01-31,18.2,14.9,16.6,16.6,64.1,0,0,0,,,27.7,1019.8,10,331.5,10,Overcast
2021-02-01,20.9,17.2,18.9,18.9,75.4,0,0,0,,,29.5,1016.7,9.9,207.6,7,Overcast
2021-02-02,20.8,18.1,18.9,18.9,84.7,0.7,100,4.17,rain,,24.1,1015.9,7.7,279.7,9,"Rain, Partially cloudy"
2021-02-03,22,14.7,19.3,19.3,81.6,0,0,0,,,29.5,1017.4,8.6,318.5,10,Partially cloudy
2021-02-04,23.8,14.8,19.1,19.1,71.5,0,0,0,,44.6,33.5,1018,9.3,350.3,10,Partially cloudy
2021-02-05,24.1,10.2,19.1,19.1,65.9,0,0,0,,,20.5,1015,8.4,351.6,10,Clear
2021-02-06,23.1,16.1,19,19,70.6,0,0,0,,37.1,27.7,1013.3,9.5,319.5,9,Partially cloudy
2021-02-07,19.2,14.3,16.6,16.6,84.1,15,100,8.33,rain,,40.7,1017.6,5.9,115.2,3,"Rain, Partially cloudy"
2021-02-08,19.8,14.9,17.2,17.2,68.7,0.1,100,4.17,rain,48.2,31.7,1021.9,10,320.6,9,"Rain, Partially cloudy"
2021-02-09,20.9,16.8,18.7,18.7,72.8,0,0,0,,,29.5,1024.2,10,305.4,8,Partially cloudy
2021-02-10,22,17.9,19.9,19.9,76.9,0.3,100,12.5,rain,,38.9,1023.7,10,279.5,9,"Rain, Partially cloudy"
2021-02-11,22,20,20.7,20.7,90,2,100,79.17,rain,44.6,31.7,,7.8,267.1,9,"Rain, Overcast"
2021-02-12,21,20,20.8,20.8,93.4,3.5,100,91.67,rain,,37.1,,4.8,154.8,6,"Rain, Overcast"
2021-02-13,21.7,20.1,20.8,20.8,93.9,30.5,100,12.5,rain,,27.7,1010.2,6,126.3,5,"Rain, Overcast"
2021-02-14,25,18.9,20.9,20.9,91.5,31,100,4.17,rain,,18.4,1006.6,6.1,233.8,8,"Rain, Partially cloudy"
2021-02-15,23,18.2,20,20,94.4,21,100,8.33,rain,,14.8,1007.8,7.8,169.2,5,"Rain, Partially cloudy"
2021-02-16,20.1,18.8,19.6,19.6,94.8,36.4,100,16.67,rain,,22.3,1008.3,6.1,54.5,2,"Rain, Overcast"
2021-02-17,23.2,17.2,20.1,20.1,84,0.4,100,4.17,rain,,18.4,1008.9,8.6,245.9,8,"Rain, Partially cloudy"
2021-02-18,24.9,15.9,20.4,20.4,87.8,0,0,0,,,22.3,1007.7,7.4,317.2,10,Partially cloudy
2021-02-19,21.8,11,18.7,18.7,64.8,0,0,0,,63,33.5,1006.5,9,273.5,10,Partially cloudy
2021-02-20,23.2,9,15.7,15.2,64,0,0,0,,,43.9,1013.6,10,286,9,Clear
2021-02-21,29.1,9,19.5,19.3,66.6,0,0,0,,68.4,50,1009.6,9.6,318.3,10,Partially cloudy
2021-02-22,23.8,14.9,20.3,20.3,63.8,16,100,4.17,rain,35.3,33.5,1009.4,10,240.8,10,"Rain, Partially cloudy"
2021-02-23,26.7,9,18,17.9,67.9,0,0,0,,,22.3,1013.5,9.8,316.4,10,Clear
2021-02-24,23.1,9.9,17.1,17.1,76.5,0,0,0,,,18.4,1014.4,8.8,313.3,10,Clear
2021-02-25,31.2,13.2,21.7,21.7,67.7,0,0,0,,,24.8,1012.5,9.3,308.9,9,Clear
2021-02-26,28.1,16.2,22,22.1,70.2,0,0,0,,,22.3,1015.1,10,303.3,9,Clear
2021-02-27,25.1,16.8,21.1,21.1,87.3,0,0,0,,51.8,33.5,1021.3,7.3,237,8,Partially cloudy
2021-02-28,26.8,19.9,22.3,22.4,86.2,0,0,0,,,38.9,1019.1,7.4,253.7,8,Partially cloudy
2021-03-01,27.1,19.7,22.6,22.8,85.4,0,0,0,,,29.5,1015.1,8.5,254.3,9,Partially cloudy
2021-03-02,26,18.8,22.3,22.3,89.6,0,0,0,,,25.9,1016.4,7.5,291.6,9,Partially cloudy
2021-03-03,24.8,21,22.6,22.6,91.6,0,0,0,,,33.5,1018.3,7,266.4,8,Partially cloudy
2021-03-04,26.1,16.1,21.3,21.3,87.3,14,100,4.17,rain,,22.3,1014.5,9.4,201.4,7,"Rain, Partially cloudy"
2021-03-05,19.1,16.8,17.8,17.8,71.8,0,0,0,,42.5,27.7,1013.8,9.9,185.6,7,Overcast
2021-03-06,20.2,15.9,18,18,70.6,0,0,0,,,18.4,1013.6,10,284.3,9,Partially cloudy
2021-03-07,27.1,12,19.4,19.4,72.7,0,0,0,,,24.1,1011.5,9.9,251.6,9,Partially cloudy
2021-03-08,21,15.1,18.7,18.7,71.7,1,100,4.17,rain,,31.7,1015.2,9.8,262.7,9,"Rain, Partially cloudy"
2021-03-09,19.2,13.8,16.6,16.6,67.7,0,0,0,,,22.3,1019,10,282.6,9,Partially cloudy
2021-03-10,27,14.2,20.2,20.2,71.3,0,0,0,,,27.7,1013.3,10,228.3,8,Partially cloudy
2021-03-11,24.1,17.1,19.7,19.7,79.1,0,0,0,,,25.9,1011.2,10,173.6,6,Partially cloudy
2021-03-12,20.8,8.1,16,16,74.5,0,0,0,,,18.4,1015.9,9.6,275.6,9,Clear
2021-03-13,26.2,10,17,17,74.7,0,0,0,,,25.9,1016.5,10,267.5,9,Clear
2021-03-14,26.8,15.3,20,20,80,0,0,0,,,18.4,1017,9.5,266.8,9,Partially cloudy
2021-03-15,27.1,15.8,20.6,20.6,78,0,0,0,,,20.5,1015.2,9.9,186,7,Partially cloudy
2021-03-16,22.8,17.8,20.1,20.1,92.9,20,100,8.33,rain,,18.4,1010.8,6.7,122,5,"Rain, Overcast"
2021-03-17,17.9,13.9,15.9,15.9,82.1,22.3,100,16.67,rain,74.2,46.4,1014.3,5.8,92.1,4,"Rain, Overcast"
2021-03-18,17.3,9.5,13.5,13.5,78.2,2.3,100,8.33,rain,,22.3,1018.7,9.3,101,4,"Rain, Partially cloudy"
2021-03-19,22.3,7.1,15,14.9,76.2,0,0,0,,,25.9,1016.4,10,249.5,8,Partially cloudy
2021-03-20,20,15.2,17.4,17.4,87.2,0.3,100,4.17,rain,,16.6,1014.4,9.4,102,4,"Rain, Partially cloudy"
2021-03-21,18.7,14,16.5,16.5,74.8,0,0,0,,,27.7,1021,9.9,256,8,Partially cloudy
2021-03-22,20.1,7.7,15.4,15.3,78,0,0,0,,,18.4,1022.2,9.1,229.9,8,Partially cloudy
2021-03-23,24.1,11.2,17.5,17.5,85.4,0,0,0,,,22.3,1017.5,6.3,244.6,8,Partially cloudy
2021-03-24,25.2,15.8,19.6,19.6,90.5,6,100,4.17,rain,,30.2,1016.2,6.3,227.6,8,"Rain, Partially cloudy"
2021-03-25,22.2,18.2,19.5,19.5,93.1,31.3,100,12.5,rain,,25.9,1014.9,6.3,115.2,5,"Rain, Partially cloudy"
2021-03-26,18.8,17.1,17.9,17.9,90.5,1.2,100,12.5,rain,64.8,46.4,1014.5,5.5,196.6,7,"Rain, Overcast"
2021-03-27,18.2,16,17.1,17.1,82.8,3,100,4.17,rain,59.4,40.7,1016.1,6.3,197.5,7,"Rain, Overcast"
2021-03-28,20.2,16.8,18.5,18.5,85.8,0,0,0,,,31.7,1015.1,7.5,179,6,Partially cloudy
2021-03-29,19.8,11.2,16.9,16.9,80,0,0,0,,,24.1,1017,7.9,232,8,Partially cloudy
2021-03-30,17.8,9.2,13.8,13.8,86.2,0,0,0,,,20.5,1019.9,8,234.4,8,Partially cloudy
2021-03-31,20.9,7,14.4,14.3,83.9,0,0,0,,,18.4,1020.4,8,214.4,7,Clear
2021-04-01,20.2,10.9,16.2,16.2,77.4,0,0,0,,,18.4,1021.1,9.8,133,6,Partially cloudy
2021-04-02,21.1,10.1,17.1,17.1,83,0,0,0,,,24.1,1022.1,8.5,210.1,7,Partially cloudy
2021-04-03,25.2,14.9,18.8,18.8,84,2,100,4.17,rain,,24.1,1020.7,9.6,174.9,6,"Rain, Partially cloudy"
2021-04-04,23.1,11.2,17.9,17.9,89.4,0,0,0,,,29.5,1019,6.6,207.4,7,Partially cloudy
2021-04-05,23.8,17.9,20.3,20.3,92.9,0,0,0,,,24.1,1017.1,5.1,203.7,7,Partially cloudy
2021-04-06,23.1,16.3,20,20,93.8,0,0,0,,,24.1,1018.6,5.5,186.3,7,Partially cloudy
2021-04-07,27.1,18.8,21.6,21.8,88.1,0,0,0,,,20.5,1016.4,5.4,201.2,7,Partially cloudy
2021-04-08,22.8,17.7,19.5,19.5,91,24,100,8.33,rain,,29.9,1012.5,6.9,69,2,"Rain, Partially cloudy"
2021-04-09,20.1,16.9,18.5,18.5,84.8,0,0,0,,,24.1,1014.8,10,180.8,7,Partially cloudy
2021-04-10,19.1,16.2,17.8,17.8,83.2,3,100,4.17,rain,,35.3,1015,8.7,187.9,7,"Rain, Partially cloudy"
2021-04-11,19.8,10.5,16.2,16.2,80.9,32.2,100,12.5,rain,76,51.8,1011,7.6,172.5,7,"Rain, Partially cloudy"
2021-04-12,24.1,7.9,15.6,15.3,76.5,0,0,0,,,25.9,1016.8,10,204.7,7,Clear
2021-04-13,26.7,10.2,17.7,17.7,72.2,0,0,0,,,13,1019.3,10,186.4,6,Clear
2021-04-14,23.8,11.1,17.2,17.2,78.1,0,0,0,,,29.5,1017.5,10,194.5,7,Clear
2021-04-15,24.2,11,17.4,17.4,85.7,0,0,0,,,20.5,1013.9,8,189.9,7,Partially cloudy
2021-04-16,21.1,11.3,15.6,15.6,93.6,0,0,0,,,14.8,1014.3,7.3,185.1,7,Partially cloudy
2021-04-17,22.1,11.1,17.5,17.5,92.9,0,0,0,,,18.4,1017.9,7.6,112.1,4,Partially cloudy
2021-04-18,24.1,17.1,19.6,19.6,87.2,0,0,0,,,22.3,1019,7.9,124.5,5,Overcast
2021-04-19,24.8,16.3,19.8,19.8,80.9,0,0,0,,,27.7,1020.7,8.5,178.7,6,Partially cloudy
2021-04-20,22.3,16.2,19.1,19.1,84.5,0,0,0,,,31.7,1022.6,10,167,6,Partially cloudy
2021-04-21,22.1,16.3,19.6,19.6,86.5,0,0,0,,,37.1,1020.5,9.2,153.1,6,Partially cloudy
2021-04-22,22.7,17.2,19.6,19.6,85.2,0,0,0,,,29.5,1016.7,9.6,79.8,3,Partially cloudy
2021-04-23,24.9,17.3,20.4,20.4,83.7,2,100,4.17,rain,,19.8,1014.1,9.8,91.3,4,"Rain, Partially cloudy"
2021-04-24,19.8,12.2,16.8,16.8,81.9,13,100,8.33,rain,44.6,25.9,1014.2,9.1,158.1,6,"Rain, Partially cloudy"
2021-04-25,18.2,11.8,15.4,15.4,78.9,0.1,100,4.17,rain,,30.6,1019,9.9,107.7,4,"Rain, Partially cloudy"
2021-04-26,18.2,8,13.9,13.9,78.1,0,0,0,,,16.6,1020,9.5,118.1,4,Partially cloudy
2021-04-27,20.2,7.2,13.1,13,81.1,0,0,0,,,16.6,1018.8,8.9,167.5,6,Partially cloudy
2021-04-28,24.1,8.8,15.5,15.2,79.2,0,0,0,,,25.9,1018.4,9.8,145.2,6,Partially cloudy
2021-04-29,24.2,10.1,16.7,16.7,78.4,0,0,0,,,29.5,1019.8,10,132.6,5,Clear
2021-04-30,21.1,9.8,15.1,15,80.7,0,0,0,,,29.5,1018.1,10,164.7,6,Clear
2021-05-01,22.1,9.1,14.8,14.8,82.5,0,0,0,,,29.5,1015.5,7.2,134.8,5,Partially cloudy
2021-05-02,21.9,10.9,16.6,16.6,82.5,0,0,0,,,20.5,1012.6,9.7,75.3,3,Partially cloudy
2021-05-03,16.8,12.9,14.8,14.8,92.2,16,100,8.33,rain,,20.5,1010.5,7.3,59.7,3,"Rain, Overcast"
2021-05-04,14,8,11.2,10.8,72.8,4.6,100,12.5,rain,46.4,33.5,1020.4,9.4,130.7,5,"Rain, Partially cloudy"
2021-05-05,13.7,4.2,8.8,7.6,72,0,0,0,,,24.1,1024.8,10,42.9,2,Partially cloudy
2021-05-06,16.8,3.9,10.9,10.1,75.5,0,0,0,,,22.3,1022.8,10,29.2,1,Partially cloudy
2021-05-07,15.5,4.9,10.4,10.1,83.4,0,0,0,,,18.4,1025.9,9.3,47.5,2,Partially cloudy
2021-05-08,16.8,2,9.7,9.6,83.4,0,0,0,,,14.8,1027.4,7.8,126.3,5,Partially cloudy
2021-05-09,15.2,3.2,10.5,10.3,91.9,0,0,0,,,20.5,1023.3,9,45.5,2,Partially cloudy
2021-05-10,15.9,8.7,11.1,10.7,80,2,100,4.17,rain,44.6,25.9,1020.7,8.7,112.2,5,"Rain, Partially cloudy"
2021-05-11,15.2,7,11.1,10.3,80.4,0,0,0,,,26.6,1020.9,10,55.8,3,Partially cloudy
2021-05-12,19.1,2.3,9.7,8.6,71.6,0,0,0,,,25.9,1017.3,10,118.8,5,Clear
2021-05-13,18.8,6,11.2,10.3,86.1,0,0,0,,,18.4,1018.3,7.8,136.2,5,Partially cloudy
2021-05-14,19.9,6.2,11.8,11.4,79.6,0,0,0,,,16.6,1019.9,8.3,135.5,5,Partially cloudy
2021-05-15,20.8,7.1,12.3,11.7,74.9,0,0,0,,,16.6,1018.5,10,123.8,5,Partially cloudy
2021-05-16,17.8,3.9,11.1,10.6,82.8,0,0,0,,,14.8,1018.9,9.9,74,3,Partially cloudy
2021-05-17,14.2,4.8,10.2,9.8,81.2,0,0,0,,,29.5,1020.9,10,114,5,Partially cloudy
2021-05-18,14.9,4.8,10,9.8,81.2,0,0,0,,,14.8,1020.5,8.8,91.7,4,Partially cloudy
2021-05-19,13.1,3.1,8.3,7.8,89.4,0,0,0,,,14.8,1019.1,7.5,109.7,4,Partially cloudy
2021-05-20,15,4.8,10.5,10.3,87.4,0,0,0,,,18.4,1017.9,7.6,105.9,5,Partially cloudy
2021-05-21,16.9,13,14.9,14.9,77.6,0,0,0,,,31.7,1015.8,10.1,86.9,4,Partially cloudy
2021-05-22,15,13.2,14.1,14.1,87.9,24,100,12.5,rain,72.4,46.4,1005.7,5.7,33.6,2,"Rain, Overcast"
2021-05-23,13.9,10,12.8,12.8,86.9,41,100,12.5,rain,66.6,44.6,1005.7,5.9,78.4,3,"Rain, Partially cloudy"
2021-05-24,16.8,5.8,10.9,9.9,83.1,0,0,0,,,37.1,1007.6,10,100.6,5,Partially cloudy
2021-05-25,14.2,4.2,11.3,10.8,66.1,0,0,0,,51.8,37.1,1011.5,10,114.7,5,Partially cloudy
2021-05-26,18,5,10.3,8.7,68.7,0,0,0,,53.6,38.9,1011.3,10,88.3,5,Partially cloudy
2021-05-27,21.9,5.8,12.7,11.9,74.4,0,0,0,,,35.3,1004.9,10,61.3,3,Partially cloudy
2021-05-28,17.3,8.8,13.3,13.1,69.6,0,0,0,,,33.5,999.1,10,119.2,5,Partially cloudy
2021-05-29,9.1,3,7.3,4.1,79.9,4.3,100,12.5,rain,51.8,31.7,1009.7,10,89.1,4,"Rain, Partially cloudy"
2021-05-30,12.8,1,7.4,5.2,60.5,0,0,0,,38.9,24.1,1014.6,10,105.8,4,Partially cloudy
2021-05-31,15.2,5.9,10.1,8.3,75.7,0,0,0,,,33.5,1009.2,9.8,65.6,3,Partially cloudy
2021-06-01,16.2,9.9,13.2,13.1,80.6,0.1,100,4.17,rain,,29.5,1003.4,9.9,46.2,3,"Rain, Partially cloudy"
2021-06-02,12.9,7.7,10.2,9.2,79.8,0.1,100,4.17,rain,46.4,31.7,1010.8,10,93.2,4,"Rain, Partially cloudy"
2021-06-03,12.8,6.8,9.7,8.6,82.2,0,0,0,,,31.7,1011.3,9.9,29.7,1,Overcast
2021-06-04,16.1,9.3,12.5,12.3,83.9,0,0,0,,,57.4,1009.1,9.9,70.2,4,Partially cloudy
2021-06-05,16,7.1,10.7,10.2,81.7,0,0,0,,,18.4,1014.6,9.1,109.8,5,Partially cloudy
2021-06-06,13.9,3.1,8.5,7.5,76.1,0,0,0,,,14.8,1021.1,9.8,111,5,Partially cloudy
2021-06-07,14,5.2,9.3,9,85.1,0,0,0,,,29.5,1022.5,9.8,51.9,2,Partially cloudy
2021-06-08,17.2,3.6,11.5,11.2,90.3,0,0,0,,,22.3,1020.7,5.8,110.8,5,Partially cloudy
2021-06-09,17.3,12.8,14.6,14.6,95.4,0.1,100,4.17,rain,,22.3,1019.1,6.4,56.7,2,"Rain, Overcast"
2021-06-10,14.8,8.1,13,12.5,80.3,0,0,0,,50,33.6,1016.4,8.1,105.7,5,Partially cloudy
2021-06-11,13.1,4.7,8.4,6.7,73.9,0,0,0,,,20.5,1016.1,10,66,4,Partially cloudy
2021-06-12,21.8,5.1,11.5,10.3,80.7,0,0,0,,,27.7,1011,10,105.5,4,Partially cloudy
2021-06-13,19.8,8.2,12.7,11.9,87.4,0,0,0,,,37.1,1012.9,9.1,106.6,4,Partially cloudy
2021-06-14,13.1,6.7,11.2,10.9,79.1,0.7,100,4.17,rain,,27.7,1019.2,9.8,88,4,"Rain, Partially cloudy"
2021-06-15,10.1,4.9,7.4,5.5,80.6,2.8,100,12.5,rain,42.5,18.4,1026.8,9.9,83.7,4,"Rain, Partially cloudy"
2021-06-16,10,0.9,7.4,5.7,71.7,0.8,100,4.17,rain,,24.1,1030.1,9.9,102.1,4,"Rain, Partially cloudy"
2021-06-17,9.1,0.2,4.6,3.2,88.6,1.4,100,8.33,rain,,13,1030.5,8.7,87.8,4,"Rain, Partially cloudy"
2021-06-18,9,0.8,5,4,87.1,0.6,100,4.17,rain,,9.4,1029.3,9.3,52.8,2,"Rain, Partially cloudy"
2021-06-19,10.8,1,5.2,3.4,79.7,0.5,100,4.17,rain,,14.8,1027,9.7,58,3,"Rain, Partially cloudy"
2021-06-20,13.1,2.1,6.3,4.1,80.1,0,0,0,,,24.1,1022.8,10,87.2,4,Partially cloudy
2021-06-21,12.2,0,6.5,5,84.2,0,0,0,,,24.1,1022.9,9.9,71,3,Partially cloudy
2021-06-22,13.8,4.2,8.7,7.9,93.7,0,0,0,,,18.4,1023.7,7,97.3,4,Partially cloudy
2021-06-23,13.3,10.2,11.9,11.9,92.8,0.6,100,4.17,rain,,24.1,1018,8.3,44.3,2,"Rain, Partially cloudy"
2021-06-24,15.1,9.3,12.2,12,85.5,3.5,100,8.33,rain,46.4,22.3,1008.6,8.1,73.5,4,"Rain, Partially cloudy"
2021-06-25,16.1,5.2,10.3,9.6,70.3,0,0,0,,,24.1,1011.4,10,95.6,4,Partially cloudy
2021-06-26,10,7.2,8.4,7.8,88.2,11,100,12.5,rain,,9.4,1016.8,9,34.1,1,"Rain, Overcast"
2021-06-27,10.8,4.9,7.5,5.4,88.8,11,100,12.5,rain,35.3,18.4,1015,7.9,49.3,2,"Rain, Partially cloudy"
2021-06-28,9,8.1,8.7,5,92.4,34,100,16.67,rain,63,33.5,1014.8,2.1,23.3,1,"Rain, Overcast"
2021-06-29,10.9,2.1,8.6,6.5,81.4,1.1,100,8.33,rain,40.7,29.5,1023.7,9.1,107,5,"Rain, Partially cloudy"
2021-06-30,10.3,0.1,5.2,3,92.3,0,0,0,,9.4,29.5,1024.6,7,100.5,5,Partially cloudy
2021-07-01,9.9,6.1,7.6,4.6,91.6,0,0,0,,,27.7,1020.7,10,58,3,Overcast
2021-07-02,14,3.8,7.3,4.9,83.7,0,0,0,,,22.3,1017.5,7.5,110.4,5,Partially cloudy
2021-07-03,16.2,1.6,7.2,4.9,74.6,0,0,0,,,22.3,1018.1,10,112.9,5,Clear
2021-07-04,19.8,2.8,9.3,7.9,74,0,0,0,,,20.5,1020.6,10,109.6,5,Clear
2021-07-05,15.8,2.2,8.2,7.2,79.4,0,0,0,,,18.4,1024.5,10,113.9,5,Clear
2021-07-06,11.8,0.2,8,7.5,92.9,0,0,0,,,18.4,1021.7,7,74.4,3,Partially cloudy
2021-07-07,15.2,8.1,11.7,11.4,98.3,3,100,4.17,rain,,14.8,1017.3,5.9,72.5,3,"Rain, Overcast"
2021-07-08,13.2,7,10.7,9.9,100,0,0,0,,,18.4,1017.6,1.9,42.9,2,Overcast
2021-07-09,18.9,9.1,14.4,14.3,92.6,0,0,0,,,18.4,1012.3,6.7,52.2,3,Partially cloudy
2021-07-10,15.1,3.8,10.7,9.8,75.3,1,100,4.17,rain,48.2,29.5,1013.2,9.2,115.5,5,"Rain, Partially cloudy"
2021-07-11,15.8,1.3,7.6,5.3,70.6,0,0,0,,,25.9,1015.3,10,118.3,5,Clear
2021-07-12,15.9,4.8,10.5,9.7,73.8,0,0,0,,,22.3,1013.7,9.1,90.1,4,Partially cloudy
2021-07-13,12.8,1.1,6.9,6.1,85.9,0,0,0,,,20.5,1019.2,6.1,114.5,5,Partially cloudy
2021-07-14,12.1,-0.9,5,4.4,88.2,0,0,0,,,13,1021.6,8.6,68.8,3,Partially cloudy
2021-07-15,14.1,-0.7,6.3,5.3,82.2,0,0,0,,,22.3,1017,8.3,121.5,5,Clear
2021-07-16,14.7,0.1,6.2,4.9,78.4,0,0,0,,,25.9,1013.4,10,70.2,3,Partially cloudy
2021-07-17,9.7,5.2,7.4,3.6,80.5,0.4,100,4.17,rain,64.8,37.1,1010.2,8.9,49.7,2,"Rain, Partially cloudy"
2021-07-18,10.1,7.2,8.7,5.3,85.4,17,100,8.33,rain,74.2,37.1,1017.9,7,74.3,4,"Rain, Overcast"
2021-07-19,12.2,3.4,7.7,5.8,78.9,0,0,0,,,24.1,1022.5,10,118.6,5,Partially cloudy
2021-07-20,19,4.1,9.3,7.1,69.1,0,0,0,,,31.7,1015.6,10,76.1,4,Partially cloudy
2021-07-21,15.1,0.6,8.2,7.4,78.4,0,0,0,,,16.6,1021.4,10,97.3,4,Partially cloudy
2021-07-22,17.2,4.2,10.5,9.6,80.9,0,0,0,,,27.7,1020.4,9.5,99.2,4,Partially cloudy
2021-07-23,19.9,6,11.6,10.4,79.6,0,0,0,,,27.7,1015.4,9.6,121.3,5,Partially cloudy
2021-07-24,11.2,8.1,9.6,8.2,79.8,0.7,100,4.17,rain,,31.7,1018.6,9,107.7,4,"Rain, Partially cloudy"
2021-07-25,14.2,8,11.6,11.3,94.9,3.6,100,8.33,rain,,31.7,1008.3,6.1,62.6,4,"Rain, Overcast"
2021-07-26,11.8,3.2,6.8,5.1,80.8,0,0,0,,42.5,27.7,1014.7,10,123.8,5,Partially cloudy
2021-07-27,8.9,2.2,5.5,1.4,81.8,6.7,100,16.67,rain,57.6,37.1,1013.9,9.1,66.3,3,"Rain, Partially cloudy"
2021-07-28,8,2.8,5.6,2.2,71.8,3.6,100,8.33,rain,59.4,35.3,1022.1,8.8,97.4,4,"Rain, Partially cloudy"
2021-07-29,15.9,1.9,7.5,5.6,73.8,0,0,0,,,17.4,1022.1,10,111.9,5,Partially cloudy
2021-07-30,15.1,-0.1,7.8,5.5,65.2,0,0,0,,51.8,31.7,1021.5,10,141,5,Clear
2021-07-31,14.2,1.8,6.8,4.3,79.9,0,0,0,,,93.1,1026.9,9,102.3,4,Partially cloudy
2021-08-01,10.8,3.1,6.4,5,95.3,0,0,0,,,9.4,1032.3,5,142.4,5,Partially cloudy
2021-08-02,13.2,2.9,7.9,6,88.7,0,0,0,,,31.7,1028.3,5.8,139.1,5,Partially cloudy
2021-08-03,18.3,3.1,9.4,7.5,75.7,0,0,0,,,25.9,1026.5,9.3,124.1,5,Clear
2021-08-04,17.2,1.2,9.1,7.7,82,0,0,0,,,18.4,1028.7,9.6,141.6,6,Clear
2021-08-05,12.1,5.8,9,7.5,93.5,0,0,0,,,25.9,1026,6.2,102.7,5,Overcast
2021-08-06,17.1,9.9,12.6,12.5,95,0,0,0,,,29.5,1019.6,6.1,134.2,5,Partially cloudy
2021-08-07,20,9.9,12.5,12.4,88.9,0,0,0,,,22.3,1014.6,5.8,97.2,4,Partially cloudy
2021-08-08,10.2,8.2,9.3,7.6,73,0,0,0,,,22.3,1023.1,10,68.5,3,Partially cloudy
2021-08-09,9,6.8,7.9,4.6,67.4,0,0,0,,,31.7,1027.5,10,57.9,2,Partially cloudy
2021-08-10,9.7,0,5.8,4.1,71.4,0,0,0,,,13,1024.8,9.8,143.3,6,Partially cloudy
2021-08-11,10.2,-1,6.4,3.7,74.8,0,0,0,,,27.7,1026.6,10,113.8,4,Partially cloudy
2021-08-12,11.1,-0.1,5.9,4.4,77.1,0,0,0,,,14.8,1030.6,9.3,162.5,6,Partially cloudy
2021-08-13,12.8,-4.1,4.2,3.1,84.3,0,0,0,,,22.3,1028.8,8.1,166.9,6,Clear
2021-08-14,15.1,2.2,7.2,5.6,91.5,0,0,0,,,20.5,1023.9,4.9,150.3,6,Partially cloudy
2021-08-15,15.1,1.1,7.3,6.1,95.5,0,0,0,,,16.6,1020,2.3,163.2,6,Partially cloudy
2021-08-16,13.8,8.3,10.5,9.9,93.8,0,0,0,,,18.4,1014.2,8.4,63.1,3,Overcast
2021-08-17,18.9,8,12.5,12.1,78.2,0,0,0,,,18.4,1013.2,8.5,132.5,6,Partially cloudy
2021-08-18,14.9,6.1,10.3,9.8,94.4,0,0,0,,,22.3,1010.8,5.6,97.4,4,Partially cloudy
2021-08-19,14.9,6,10.2,9.7,93.7,4,100,8.33,rain,,20.5,1006.4,6.3,85.4,4,"Rain, Partially cloudy"
2021-08-20,17.2,3.8,10,9.4,77.3,0,0,0,,,24.1,1013.1,9.6,158.6,6,Partially cloudy
2021-08-21,10.1,0.9,6.7,4.6,91.6,0,0,0,,,24.1,1017.4,7.6,80.6,3,Partially cloudy
2021-08-22,11.7,6.7,9.7,9.4,95.8,1,100,8.33,rain,,27.7,1007.4,8.3,93.3,4,"Rain, Partially cloudy"
2021-08-23,12.9,1.2,6.9,5.2,69.7,0,0,0,,48.2,31.7,1011.7,10,169.2,6,Partially cloudy
2021-08-24,15.2,-1.1,6.1,4.9,68.4,0,0,0,,,27.7,1015.6,9.5,162.7,6,Clear
2021-08-25,17.7,-1.2,7.6,6.2,66.4,0,0,0,,,25.9,1014.1,9.9,187.2,7,Partially cloudy
2021-08-26,19.2,1,8.8,6.5,60.7,5,100,4.17,rain,72.4,42.5,1010.7,9.7,169.8,7,"Rain, Partially cloudy"
2021-08-27,14.1,3.2,8.4,6.4,70.7,0,0,0,,,29.5,1017.6,10,172.5,6,Partially cloudy
2021-08-28,18.8,4.9,11,10.2,83.1,0,0,0,,,24.8,1022.4,10,91.3,3,Partially cloudy
2021-08-29,23.1,8.1,13.4,12.5,79.5,0,0,0,,,18.4,1023.5,10,181.7,7,Partially cloudy
2021-08-30,17.1,6.4,10.6,9.7,94.9,0,0,0,,,18.4,1019.5,5.4,171.5,6,Partially cloudy
2021-08-31,19.7,11.2,14.4,14.4,92.5,0,0,0,,,37.1,1015.5,6,148.3,6,Overcast
2021-09-01,12.1,9.1,11.1,10.8,100,52,100,8.33,rain,,29.5,1017.6,3.8,53.4,2,"Rain, Overcast"
2021-09-02,12.9,9.2,10.8,10,94.6,0,0,0,,,22.3,1023.2,9.1,76,3,Partially cloudy
2021-09-03,14.1,7.2,10.8,10.6,88.5,0,0,0,,,18.7,1022.2,9.8,194.1,7,Partially cloudy
2021-09-04,13.7,0.8,7.8,7.4,91.1,0,0,0,,,18.4,1018.8,6.4,165.5,6,Partially cloudy
2021-09-05,16.7,3.2,10.1,10,88.9,0,0,0,,,16.6,1019.6,7.2,210,7,Partially cloudy
2021-09-06,13.5,2.4,8.9,8.8,94.9,0,0,0,,,20.5,1022,7.3,177.8,7,Partially cloudy
2021-09-07,13.1,11.1,12,12,91.5,0,0,0,,,33.5,1021.6,10,142.6,6,Overcast
2021-09-08,12.1,10.9,11.6,11.6,95,21,100,12.5,rain,76,55.4,1016.1,5.3,76.9,3,"Rain, Overcast"
2021-09-09,11.8,10.3,11,11,95.8,35,100,16.67,rain,83.5,57.6,1010.4,3.4,46.7,2,"Rain, Overcast"
2021-09-10,13.8,10.2,11.2,11.2,96.7,0,0,0,,,33.5,1017.6,5.5,156,6,Overcast
2021-09-11,14,9.2,11.3,11.2,95.9,0.3,100,8.33,rain,,27.7,1017.1,7.9,187.9,7,"Rain, Overcast"
2021-09-12,16.2,6.9,13.3,13.2,93.4,0,0,0,,,25.9,1010.3,8.2,109.7,3,Partially cloudy
2021-09-13,17.6,4.1,11.2,11.2,73.3,0,0,0,,,33.5,1013.2,6.4,190.1,6,Clear
2021-09-14,11.9,3.2,9.5,8.5,75.8,0,0,0,,,22.3,1015.2,10,175.1,6,Partially cloudy
2021-09-15,19.9,1.2,10.3,9,65.5,0,0,0,,53.6,38.9,1017.4,10,232.9,8,Clear
2021-09-16,22.8,6.1,14.1,13.2,61.5,0,0,0,,,25.9,1021.4,10,237.9,8,Clear
2021-09-17,22.7,7.2,15.1,14.8,68.6,0,0,0,,50,37.1,1018.2,10,239.3,8,Clear
2021-09-18,18.8,10.1,13.3,13.3,80.7,0,0,0,,,22.3,1016.3,9.8,226,8,Partially cloudy
2021-09-19,15.7,10.7,13,13,97.5,0,0,0,,,27.7,1017.4,7.5,181.9,6,Overcast
2021-09-20,14,8.9,12.2,11.9,87.4,0,0,0,,48.2,33.5,1019.5,9.1,188.6,8,Partially cloudy
2021-09-21,14.2,4.9,9.4,8.5,80.9,0,0,0,,,25.9,1028.8,10,244.7,8,Clear
2021-09-22,14.7,0.2,9.3,9.1,85.8,0,0,0,,,22.3,1026.8,7.7,107.1,5,Partially cloudy
2021-09-23,14.8,9.9,11.9,11.9,92.8,2.4,100,16.67,rain,,14.8,1024.3,8.8,211.4,8,"Rain, Partially cloudy"
2021-09-24,16.3,4.8,10.6,10.4,92.4,0,0,0,,,20.5,1024.8,6.5,249.7,8,Partially cloudy
2021-09-25,15.8,3.1,10.8,10.7,96.2,0,0,0,,,29.5,1020.4,6.3,223.8,7,Partially cloudy
2021-09-26,18.9,10.8,13.2,13.2,80.8,0,0,0,,44.6,30.2,1017.1,8.7,245.1,8,Partially cloudy
2021-09-27,10.7,6.1,9.1,7.5,76.5,0,0,0,,,22.3,1023.5,9.9,261.4,9,Partially cloudy
2021-09-28,13.9,-2.8,7.1,6.9,80.7,0,0,0,,,16.6,1023.9,10,273.4,9,Clear
2021-09-29,17.8,2.1,10.6,10.2,85.6,0,0,0,,50,33.5,1020.4,7.7,269.3,9,Partially cloudy
2021-09-30,16.2,9.8,13.8,13.8,93.4,10,100,8.33,rain,,29.5,1010.6,7.7,96.9,4,"Rain, Partially cloudy"
2021-10-01,17.1,4.5,11.3,11,74.4,0,0,0,,,22.3,1013.1,9.7,273.6,9,Partially cloudy
2021-10-02,18.1,2.1,10.7,10.7,83.8,0.2,100,4.17,rain,,24.1,1011,7.2,143.7,7,"Rain, Partially cloudy"
2021-10-03,13.3,6.1,9.7,8.1,66.6,0,0,0,,59.4,33.5,1011.2,10,262.1,9,Partially cloudy
2021-10-04,18.9,1.5,10,9.1,71,0,0,0,,,24.1,1014.9,10,282.9,9,Clear
2021-10-05,22.1,2.8,14.4,13.7,59.6,0,0,0,,,24.1,1013,10,235.8,8,Partially cloudy
2021-10-06,12.1,7.8,10.1,9.1,69.2,0,0,0,,57.6,33.5,1020.2,9.7,273.5,9,Partially cloudy
2021-10-07,13.1,4.1,9,8.3,68.5,0,0,0,,,18.4,1022.6,10,275.7,9,Partially cloudy
2021-10-08,16.1,1.9,9.6,8.7,72.4,0,0,0,,,20.5,1020.9,9.8,281.6,9,Partially cloudy
2021-10-09,16.1,4.1,10,9.3,76.2,0,0,0,,,22.3,1022.7,10,297.8,9,Clear
2021-10-10,17.2,2.3,11.8,11.7,87,0,0,0,,,33.5,1022,7.9,264,8,Clear
2021-10-11,15.8,12.9,13.8,13.8,94.2,0.2,100,4.17,rain,,24.1,1019.9,7.5,212.1,6,"Rain, Partially cloudy"
2021-10-12,18.1,12.9,15.2,15.2,94.3,0,0,0,,,22.3,1015.8,5.1,267,9,Partially cloudy
2021-10-13,17.8,13.1,15.2,15.2,96,0.2,100,4.17,rain,,14.8,1008,5.4,116.3,5,"Rain, Overcast"
2021-10-14,24.1,9.9,13.6,13.5,88.1,5,100,4.17,rain,50,33.5,1005.4,7.2,242.9,9,"Rain, Partially cloudy"
2021-10-15,15.2,6.2,10.9,10.6,65.7,0,0,0,,,22.3,1019.6,10,306.7,9,Partially cloudy
2021-10-16,21.1,7.2,13.5,12.5,58.8,0,0,0,,,38.9,1021.1,10,311.6,10,Clear
2021-10-17,19.9,10.1,14,14,61.8,0,0,0,,,37.1,1018.9,10,274.8,9,Partially cloudy
2021-10-18,15.7,2.7,10.5,10.3,83.8,0,0,0,,,18.4,1023.5,8.5,320.1,10,Clear
2021-10-19,21.8,5.8,13.6,13.2,77.8,0,0,0,,,29.5,1022.6,9,313.1,10,Clear
2021-10-20,20.8,6.1,14,13.8,87.4,0,0,0,,,27.7,1020.8,8,316.3,10,Clear
2021-10-21,26.1,8.1,18.1,18.1,76.8,0,0,0,,,22.3,1014.3,8.3,296.8,9,Partially cloudy
2021-10-22,15.8,11.9,14.1,14.1,90.7,25,100,4.17,rain,,18.4,1012.7,9.2,73.5,3,"Rain, Overcast"
2021-10-23,19.9,8.7,13.4,13.3,74.8,0,0,0,,50,27.7,1007.9,9.2,293.7,9,Partially cloudy
2021-10-24,21.7,3,12.9,11.8,61.9,0,0,0,,46.4,33.5,1007.5,10,326.3,10,Partially cloudy
2021-10-25,21.6,11.9,16.8,16.8,51.6,0,0,0,,50,35.3,1006.1,9.9,321.2,10,Partially cloudy
2021-10-26,29.3,9.1,16.7,16.4,67.4,0,0,0,,,27.7,1010.8,10,330.3,10,Partially cloudy
2021-10-27,25.3,8.1,17.5,17.5,76.1,0,0,0,,,14.8,1017.4,10,327.2,10,Clear
2021-10-28,34.1,14,22.4,22.5,72.4,0,0,0,,,24.1,1021,8.4,309.7,9,Partially cloudy
2021-10-29,26.8,13.3,18.7,18.7,82.7,0,0,0,,,31.7,1019.7,9.4,279.7,7,Partially cloudy
2021-10-30,28.8,12.8,18.5,18.6,83.2,0,0,0,,50,31.7,1016.6,8.8,296.5,9,Partially cloudy
2021-10-31,14.6,11.3,12.4,12.4,80.3,0,0,0,,,20.5,1021.7,9.9,95.3,3,Overcast
2021-11-01,12.9,10.8,11.8,11.8,89.6,0,0,0,,,22.3,1022,9.4,192.4,7,Overcast
2021-11-02,18.1,13.1,15.2,15.2,97.2,2,100,4.17,rain,,22.3,1018.4,4.8,183.4,7,"Rain, Overcast"
2021-11-03,19.9,14.2,16.9,16.9,94.8,0,0,0,,,25.9,1013.8,5.4,334.9,10,Partially cloudy
2021-11-04,20.1,15.7,17.6,17.6,96,12.1,100,8.33,rain,38.9,25.9,1011.7,5.9,182.8,7,"Rain, Overcast"
2021-11-05,15.3,8.1,13.3,13.3,70.2,0,0,0,,51.8,38.5,1021,9.8,346.4,10,Partially cloudy
2021-11-06,13.8,5.2,10.4,10.1,78,0,0,0,,,24.1,1025.8,9.8,250,7,Partially cloudy
2021-11-07,17.3,5.7,12.8,12.8,82.4,0,0,0,,,29.5,1019.4,10,324.7,10,Partially cloudy
2021-11-08,21.8,12.2,15.7,15.7,87,12,100,8.33,rain,,22.3,1016.6,9.7,350,10,"Rain, Partially cloudy"
2021-11-09,15,10.7,13.4,13.4,78.8,0,0,0,,,25.9,1022.6,9.5,329.4,9,Partially cloudy
2021-11-10,18.9,8.1,15.1,15.1,83.4,0,0,0,,,33.5,1023.2,8.3,336.1,10,Partially cloudy
2021-11-11,19.1,11.2,16.2,16.2,75.1,0,0,0,,48.2,40.7,1025,10,350.2,10,Partially cloudy
2021-11-12,20.8,13.2,16.7,16.7,76.5,0,0,0,,63,44.6,1023.2,10,289.1,9,Partially cloudy
2021-11-13,21.2,14,17.2,17.2,76.6,0,0,0,,63,42.5,1014.4,9.6,347.4,10,Partially cloudy
2021-11-14,24.2,13.2,18.8,18.8,67,0.7,100,4.17,rain,72.4,38.9,1008.6,9.5,350,10,"Rain, Partially cloudy"
2021-11-15,26.1,9.4,17.6,17.6,81.2,0,0,0,,,35.3,1011.3,8.7,286.5,9,Partially cloudy
2021-11-16,15.1,8.7,13.3,13.2,75.9,7.4,100,12.5,rain,61.2,40.7,1017.6,9.3,291.2,9,"Rain, Partially cloudy"
2021-11-17,20.1,5.2,12.6,12.1,63.6,0,0,0,,,25.9,1016.4,10,373.5,10,Clear
2021-11-18,27.3,8.2,16.8,16.4,65.3,0,0,0,,55.4,37.1,1010.8,10,292.6,10,Partially cloudy
2021-11-19,17.1,12.9,15,15,81,0,0,0,,,25.9,1015.9,10,374,10,Partially cloudy
2021-11-20,30,8.2,20.3,20,62.1,0,0,0,,,27.7,1012.2,8.1,367.2,10,Partially cloudy
2021-11-21,32,15.2,22.9,22.6,55.5,0,0,0,,,33.5,1006.2,9.8,349.1,10,Partially cloudy
2021-11-22,28,10.8,17.3,17.3,68.8,0,0,0,,61.2,33.5,1006.5,9,367.5,10,Partially cloudy
2021-11-23,22.7,4.7,15.1,15,60.7,0,0,0,,,29.5,1015.7,10,378.1,10,Partially cloudy
2021-11-24,33.6,13,24,23.3,41.7,0,0,0,,,33.5,1008,10,361.7,10,Partially cloudy
2021-11-25,21.1,15.8,18.9,18.9,74.4,1,100,4.17,rain,,29.5,1007.3,9.7,100.4,3,"Rain, Partially cloudy"
2021-11-26,23.3,13.3,17.8,17.8,74,0,0,0,,,27.7,1012,10,374.7,10,Partially cloudy
2021-11-27,18.9,13.1,16,16,88.1,0.1,100,4.17,rain,,35.6,1014,9.6,266.6,8,"Rain, Partially cloudy"
2021-11-28,18.9,16.1,17.8,17.8,92.7,0,0,0,,,26.3,1010.2,7.9,130.6,4,Overcast
2021-11-29,19.1,14.1,16.9,16.9,88.7,0.4,100,4.17,rain,55.4,37.1,1004.5,8.9,270.3,9,"Rain, Overcast"
2021-11-30,18.1,12.2,15.3,15.3,74.4,0,0,0,,50,29.5,1011.4,10,389.5,10,Clear
2021-12-01,18.1,4.2,13.9,13.8,74.1,0,0,0,,,24.1,1017,10,330.5,10,Partially cloudy
2021-12-02,21.8,7,16.6,16.6,75.1,0,0,0,,,33.5,1017.7,9.3,370.8,10,Partially cloudy
2021-12-03,23.2,12.3,15.9,15.9,83.2,0,0,0,,,25.9,1018.3,10,180.1,5,Partially cloudy
2021-12-04,16.3,12.3,14.7,14.7,71.7,0,0,0,,,27.7,1022.6,10,337.1,10,Partially cloudy
2021-12-05,20.8,14.9,17.3,17.3,76.7,0,0,0,,,27.7,1022.6,10,369.5,10,Partially cloudy
2021-12-06,21.6,9.1,16.8,16.8,74.9,0,0,0,,,27.7,1023.4,10,386.8,10,Clear
2021-12-07,24.9,12.8,19.1,19.1,81.8,0,0,0,,,38.9,1021.2,10,388.6,10,Partially cloudy
2021-12-08,26.7,14.1,19.9,19.9,76.9,0,0,0,,,33.5,1019.8,9.6,317.8,10,Partially cloudy
2021-12-09,23.1,17.5,20.2,20.2,80.4,0,0,0,,,40.7,1019.6,10,306.2,10,Partially cloudy
2021-12-10,22.7,17.4,19.7,19.7,80.9,0,0,0,,,31.7,1014.9,10,278.5,9,Partially cloudy
2021-12-11,22.8,16.1,19.4,19.4,82.8,0.3,100,4.17,rain,,33.5,1007.6,9.8,356.2,10,"Rain, Partially cloudy"
2021-12-12,23.7,17.7,19.8,19.8,83.2,12,100,8.33,rain,,24.1,1004.8,9.4,207.6,9,"Rain, Partially cloudy"
2021-12-13,24,11.1,17.8,17.8,65.6,0,0,0,,,29.5,1012.8,10,389.3,10,Partially cloudy
2021-12-14,21.3,13.1,18.1,18.1,77.6,0,0,0,,,24.1,1017.9,10,313.4,10,Partially cloudy
2021-12-15,21.2,15.7,19,19,75,0,0,0,,,24.1,1017.9,10,311.7,9,Partially cloudy
2021-12-16,22.8,10.1,17.9,17.9,77.4,0,0,0,,,25.9,1018.1,8.8,379,10,Partially cloudy
2021-12-17,28.1,14.8,20.9,20.9,72.7,0,0,0,,,22.3,1019.2,10,181.5,4,Partially cloudy
2021-12-18,26.1,14.9,20.4,20.4,78.4,0,0,0,,,25.9,1018.6,10,233.6,9,Partially cloudy
2021-12-19,31.3,17.7,22.7,22.9,73.9,0,0,0,,,38.5,1012.7,9.8,261.6,8,Partially cloudy
2021-12-20,20.1,17.1,18.9,18.9,80.8,0,0,0,,,25.9,1015.2,9.3,384.2,10,Partially cloudy
2021-12-21,24.1,17.5,20.5,20.5,79.8,0.2,100,8.33,rain,,20.5,1011.4,10,345.7,10,"Rain, Partially cloudy"
2021-12-22,26.7,15.3,20.2,20.2,81.2,0,0,0,,,25.9,1014.9,7.7,386.5,10,Partially cloudy
2021-12-23,23.8,10.2,18.7,18.7,78.9,0,0,0,,,30.5,1017.5,9.5,391.6,10,Clear
2021-12-24,33,17.3,23.3,23.3,72.4,6,100,4.17,rain,63,35.3,1009.5,9.2,264.1,10,"Rain, Partially cloudy"
2021-12-25,22.8,14.2,19.9,19.9,74.6,0,0,0,,40.7,21.5,1010.5,9,368.5,10,Partially cloudy
2021-12-26,27.1,9.9,17.8,17.7,69.9,0,0,0,,,29.5,1012.4,9.6,390.3,10,Partially cloudy
2021-12-27,23.1,7.8,18.2,18.2,75.5,0,0,0,,,22.3,1010.8,10,392.2,10,Partially cloudy
2021-12-28,29.9,16.7,22.9,23,71.7,0,0,0,,,29.5,1010.9,8.9,387.6,10,Partially cloudy
2021-12-29,32.7,20.1,24.4,24.8,76,3,100,4.17,rain,,27.7,1010.2,8,156.3,5,"Rain, Partially cloudy"
2021-12-30,30.8,17.8,24.6,24.4,57,0,0,0,,,29.5,1008,10,223.4,8,Partially cloudy
2021-12-31,26.8,9.5,20.1,20.1,70.2,0,0,0,,51.8,33.5,1008,8.8,387.7,10,Clear
2022-01-01,25.7,19,21.4,21.4,84.2,12,100,4.17,rain,64.8,33.5,1002.5,8.7,292.6,8,"Rain, Partially cloudy"
2022-01-02,31.2,18.2,23.4,23.1,64.4,7,100,4.17,rain,,29.5,1003.5,9.8,317.3,10,"Rain, Partially cloudy"
2022-01-03,32.7,15.7,23.2,23,60.9,0,0,0,,50,27.7,1007,10,375.5,10,Clear
2022-01-04,25,14.8,21.3,21.3,62.2,5,100,4.17,rain,51.8,37.1,1006.9,8.8,378.1,10,"Rain, Partially cloudy"
2022-01-05,21.1,12.8,17.1,17.1,66,0,0,0,,,29.5,1016.7,10,391.3,10,Clear
2022-01-06,30.8,10.7,20.7,20.5,56.7,0,0,0,,,37.1,1016.4,10,371.2,10,Clear
2022-01-07,30.8,14.2,22.1,22,64.6,0,0,0,,,25.9,1016.9,10,374,10,Partially cloudy
2022-01-08,27.9,13.5,21.1,21.1,75.5,0,0,0,,50,38.9,1017.1,8.6,386.2,10,Clear
2022-01-09,31.1,18.8,23.4,23.3,72,0,0,0,,,33.5,1015.7,10.9,385.6,10,Partially cloudy
2022-01-10,34.8,17.8,25.8,25.9,66.4,0,0,0,,54,27.7,1010.8,8.9,420.2,9,Partially cloudy
2022-01-11,35,19.9,25.5,25.3,55.2,0,0,0,,69.1,31.7,1008.5,9.8,391.2,9,Clear
2022-01-12,24.1,15.1,20.8,20.8,64.5,0,0,0,,50.8,25.9,1014.8,10,394.9,10,Clear
2022-01-13,39.1,16.1,27.5,26.7,49.3,0,0,0,,57.2,35.3,1011.5,10,381.8,9,Clear
2022-01-14,41.9,20.8,30,29.8,51.4,0,0,0,,50.8,35.3,1007.8,9.8,381.2,9,Clear
2022-01-15,26.1,20.3,23.2,23.2,79.1,0,0,0,rain,51.5,22.3,1007.1,9.1,350.7,9,Partially cloudy
2022-01-16,31.2,19.8,23.9,24.5,80.6,3,100,4.17,rain,56.2,35.3,1002.8,8,340.7,9,"Rain, Partially cloudy"
2022-01-17,20.1,14.1,18.1,18.1,55,4,100,4.17,rain,49.3,48.2,1013.9,9.9,198.8,6,"Rain, Overcast"
2022-01-18,19.8,15.9,17.8,17.8,77.6,9.4,100,12.5,rain,42.1,37.1,1021.3,7.9,113,4,"Rain, Overcast"
2022-01-19,23.2,18.9,21.1,21.1,83.9,7,100,8.33,rain,40.3,38.9,1021,8.2,297.9,8,"Rain, Partially cloudy"
2022-01-20,21.8,20.1,20.9,20.9,90.1,0.5,100,4.17,rain,49,33.5,1017.6,7.2,119.8,5,"Rain, Overcast"
2022-01-21,25.8,21.3,23.3,23.3,92.2,14.9,100,12.5,rain,55.4,29.5,1009.5,7.1,109.6,6,"Rain, Overcast"
2022-01-22,22.8,19.2,21.5,21.5,96.4,5,100,8.33,rain,28.4,22.3,1009,6.6,40.3,2,"Rain, Partially cloudy"
2022-01-23,30,18.9,23.8,24,73.7,0,0,0,rain,34.2,18.4,1009.6,8.5,324.8,8,Partially cloudy
2022-01-24,32.1,16.9,23.7,24.3,76.2,0,0,0,,34.9,24.1,1011.1,9.8,366.6,9,Partially cloudy
2022-01-25,29.2,21.2,24.8,25.8,85.5,41,100,4.17,rain,36.7,34.2,1009.7,9.4,288.5,8,"Rain, Partially cloudy"
2022-01-26,23.2,16.7,19.8,19.8,70.7,11,100,4.17,rain,63,50,1014.4,8.8,323.3,9,"Rain, Partially cloudy"
2022-01-27,19.8,11.9,16.7,16.7,58.5,0,0,0,,39.2,27.7,1021.5,10,366.5,9,Partially cloudy
2022-01-28,24.9,9,17.3,17.1,75.7,0,0,0,,40.7,27.7,1017,10,372.4,9,Clear
2022-01-29,29.8,11.9,21.5,21.4,63.5,0,0,0,,45.7,27.7,1012.3,10,371,9,Clear
2022-01-30,30.1,19.1,22.9,23,72.1,25,100,4.17,rain,64.8,44.6,1007.1,9.4,276.6,8,"Rain, Partially cloudy"
2022-01-31,19.9,11.7,16.7,16.7,59.4,2,100,4.17,rain,41.8,24.1,1011.2,9.8,364.3,9,"Rain, Partially cloudy"
2022-02-01,29.1,10.8,19.8,19.7,59.6,0,0,0,,64.8,44.6,1009,10,365,9,Clear
2022-02-02,31.8,15.9,23.1,23.2,72.2,0,0,0,,61.9,31.7,1009.8,9,321.3,8,Partially cloudy
2022-02-03,25.8,19,21.4,21.4,87.1,8.3,100,8.33,rain,59,27.7,1009.7,9.1,111.8,3,"Rain, Partially cloudy"
2022-02-04,24.2,15.8,19.6,19.6,90,0,0,0,rain,33.1,22.3,1008.5,5.5,308.2,8,Partially cloudy
2022-02-05,19.1,15.8,17.5,17.5,85.2,13,100,16.67,rain,45.4,29.5,1008.9,8.1,75.2,2,"Rain, Overcast"
2022-02-06,19.1,13.8,16.8,16.8,83.1,5.5,100,8.33,rain,48.2,33.5,1012.5,7.8,164.7,5,"Rain, Overcast"
2022-02-07,20.1,13.8,17.9,17.9,68.8,0,0,0,rain,37.8,29.5,1018.7,10,318.2,8,Partially cloudy
2022-02-08,22.1,9.7,16.8,16.7,79,0,0,0,,29.2,22.3,1017.9,9.9,354.3,9,Partially cloudy
2022-02-09,26.8,12.9,19.3,19.3,76.3,0,0,0,,46.1,24.1,1014.2,9.8,334.9,8,Clear
2022-02-10,28.8,15.9,22,22,72.1,0,0,0,,49.7,29.5,1010.5,9.7,344,8,Partially cloudy
2022-02-11,20.9,15.1,17.8,17.8,78.9,5.3,100,8.33,rain,43.6,40.7,1016.2,8.7,43.9,3,"Rain, Overcast"
2022-02-12,18.8,12.9,16.9,16.9,56.6,0,0,0,,51.8,37.1,1020.5,9.8,352.7,9,Partially cloudy
2022-02-13,21.7,8.9,15.6,15.6,65.1,0,0,0,,30.2,24.1,1012.4,9.8,276,8,Partially cloudy
2022-02-14,25.1,9.8,18,17.9,72.3,0,0,0,,29.5,22.3,1008.9,10,341,8,Clear
2022-02-15,33.3,15.1,25,25.4,62.8,0,0,0,,44.6,29.5,1009.5,10,331.8,8,Clear
2022-02-16,33.8,17.1,22.3,22.3,65.6,0,0,0,rain,55.4,35.3,1012,10,303.4,8,Partially cloudy
2022-02-17,19.2,15.2,17.2,17.2,60.8,0,0,0,,38.2,29.5,1019.5,10,336.1,8,Partially cloudy
2022-02-18,21.8,16.1,19.1,19.1,73.4,0,0,0,,34.2,31.7,1016.3,10,285.6,8,Partially cloudy
2022-02-19,22.8,14.1,19.6,19.6,85,0,0,0,,33.1,25.9,1011.4,10,307.4,8,Partially cloudy
2022-02-20,22.1,13.8,19.5,19.5,85.5,0,0,0,rain,25.9,18.4,1010.2,9.9,220.9,6,Overcast
2022-02-21,22.2,17.8,20,20,80.2,0.1,100,4.17,rain,36.4,29.5,1015.4,9.7,295.1,7,"Rain, Partially cloudy"
2022-02-22,22.2,19.1,20.4,20.4,80.4,0,0,0,rain,30.6,24.1,1018.7,10,295.5,8,Partially cloudy
2022-02-23,22.2,15.1,19.8,19.8,81.2,0,0,0,,28.4,20.5,1017.1,10,310.1,7,Partially cloudy
2022-02-24,21.7,17.3,19.3,19.3,87.6,3.3,100,8.33,rain,50.4,25.9,1011.2,9,110.9,4,"Rain, Partially cloudy"
2022-02-25,29,14.8,21.2,21,60.2,0,0,0,,67,33.5,1011.4,10.6,321.3,8,Clear
2022-02-26,29.8,12.9,20.4,20.4,77.7,9,100,4.17,rain,44.3,27.7,1011.9,9.6,244.9,8,"Rain, Partially cloudy"
2022-02-27,26.8,16,21.7,21.8,81.2,0,0,0,rain,48.2,20.5,1006.5,8,213.4,6,Partially cloudy
2022-02-28,23.9,9.7,16.5,16.4,62.2,0,0,0,,61.2,37.1,1009,10,269.7,8,Clear
2022-03-01,26.1,5.7,16.9,16.3,58.3,0,0,0,,64.8,46.4,1009.7,10,299.7,8,Partially cloudy
2022-03-02,25.7,10.2,18.9,18.9,67.5,0,0,0,,49.7,42.5,1007.8,9.9,302.8,8,Partially cloudy
2022-03-03,24.5,7.7,15.8,15.5,75.2,0,0,0,,45.7,31.7,1013.8,9.9,302.7,8,Partially cloudy
2022-03-04,31.1,13.2,20,20.5,86.6,14,100,8.33,rain,42.1,31.7,1010.4,9.3,255.7,7,"Rain, Partially cloudy"
2022-03-05,21.9,16.9,19.3,19.3,76.9,0,0,0,rain,33.5,22.3,1011.3,9.7,265.1,7,Partially cloudy
2022-03-06,20.2,16.9,18.6,18.6,81.8,0,0,0,,32,24.1,1011,10,291.1,8,Partially cloudy
2022-03-07,24,15.7,19.4,19.4,81.4,22,100,4.17,rain,52.9,27.7,1005.3,9.5,240.8,6,"Rain, Partially cloudy"
2022-03-08,24.8,10.9,18,18,73.9,0,0,0,,49.7,20.5,1011.8,10,287.6,8,Clear
2022-03-09,24.9,15.1,19.3,19.3,74.4,0,0,0,,50,31.5,1013.7,9.8,245.1,7,Partially cloudy
2022-03-10,21.8,7.8,16.4,16.4,66.1,0,0,0,,24.8,25.9,1015.5,9.6,286.8,8,Clear
2022-03-11,20,11.2,15.8,15.8,75.5,0,0,0,rain,43.6,31.7,1017.2,9.5,171.5,5,Partially cloudy
2022-03-12,19.9,5.9,13.7,13.4,78.1,0,0,0,,28.8,18.4,1018.7,9,281.3,8,Clear
2022-03-13,23.9,10.3,16.5,16.5,79.8,0,0,0,,42.8,22.3,1017.4,10.3,192.4,7,Clear
2022-03-14,28.9,12.1,20.1,20,71.8,0,0,0,,37.4,24.1,1011.9,8.9,265.4,7,Partially cloudy
2022-03-15,22.2,12.2,18.3,18.3,75,0,0,0,,27.7,18.4,1014.7,9.7,271.9,7,Partially cloudy
2022-03-16,29.8,10.8,20.5,20.6,74.4,0,0,0,,53.6,38.9,1012,8.4,257.2,7,Partially cloudy
2022-03-17,28.7,16,20.2,20.3,75,0,0,0,,56.9,34.6,1009.1,10.9,252.4,7,Partially cloudy
2022-03-18,17.8,7.2,15.3,15.2,56,0,0,0,rain,39.2,31.7,1019.4,9.6,99.6,3,Partially cloudy
2022-03-19,18.8,2.9,11.5,10.8,65,0,0,0,rain,38.5,29.5,1024,10,192.3,5,Partially cloudy
2022-03-20,16.1,1.8,10.9,10.6,66.6,0,0,0,,34.2,24.1,1027.9,10,243.8,7,Clear
2022-03-21,17.1,8.8,14.8,14.7,83.8,1.1,100,8.33,rain,56.2,27.7,1022.9,8.2,67.3,3,"Rain, Overcast"
2022-03-22,25.8,16.8,19.3,19.3,84.6,2,100,4.17,rain,60.8,25.9,1012.7,9.3,226.3,8,"Rain, Partially cloudy"
2022-03-23,22.8,11.9,17.6,17.6,94.8,0,0,0,,51.5,27.7,1007.7,3.5,224.3,8,Partially cloudy
2022-03-24,21.1,13.9,18.9,18.9,85.9,23.5,100,12.5,rain,65.5,31.7,1000.7,7.3,60.8,4,"Rain, Partially cloudy"
2022-03-25,18.8,13.1,16.4,16.4,90.4,45.6,100,16.67,rain,58,33.5,1000.7,6.2,97.3,7,"Rain, Overcast"
2022-03-26,18.7,15.9,17.2,17.2,93,0.9,100,8.33,rain,59.4,29.5,1003.4,7.1,30.4,2,"Rain, Overcast"
2022-03-27,24.3,9.7,16.5,16.3,70.6,0,0,0,,51.8,33.5,1009,10,232.5,8,Clear
2022-03-28,26.9,8,17.4,17.3,74.2,0,0,0,,59.4,24.1,1013.1,10,227.3,8,Clear
2022-03-29,21.2,10.3,17,17,77.8,3.2,100,8.33,rain,60.8,27.7,1005.5,9.7,138.2,7,"Rain, Partially cloudy"
2022-03-30,14.8,8.1,10.5,9,76.4,11.5,100,12.5,rain,61.2,33.5,1011.8,9,98.5,4,"Rain, Partially cloudy"
2022-03-31,16.3,8.5,12.2,11.6,85.9,1.4,100,8.33,rain,44.3,20.5,1021.7,10,162,7,"Rain, Partially cloudy"
2022-04-01,20.2,6.4,13.1,12.8,75.5,0,0,0,,30.2,18.4,1025.4,10,215,8,Clear
2022-04-02,21.1,8.8,14.9,14.7,72,0,0,0,,55.4,33.5,1020.4,10,213.9,7,Clear
2022-04-03,24.2,10.9,16.5,16.5,74,0,0,0,rain,55.4,35.3,1012.5,9.6,154.8,7,Partially cloudy
2022-04-04,22.1,5.2,13.2,12.3,62.3,0,0,0,,50,24.1,1014.1,10,213.3,7,Clear
2022-04-05,24.9,6.2,15.5,14.7,58.4,0,0,0,,53.6,40.7,1013.3,10,203,7,Partially cloudy
2022-04-06,28.7,12.3,19.4,19.3,60.8,0,0,0,,60.8,27.7,1011.7,10,197.6,7,Clear
2022-04-07,18,12.2,15.8,15.8,85.5,0,0,0,,26.6,24.1,1016.4,10,193.5,7,Partially cloudy
2022-04-08,19.2,15.8,17.4,17.4,87.8,0,0,0,,27.7,18.4,1017.5,10,123.9,4,Partially cloudy
2022-04-09,20.2,11.8,16.4,16.4,93.1,0,0,0,,40.7,22.3,1016.8,7.1,187.9,7,Partially cloudy
2022-04-10,21.8,17.1,19,19,93,0.4,100,4.17,rain,52.6,22.3,1012.9,9.5,144.5,6,"Rain, Overcast"
2022-04-11,20.9,11.1,16.7,16.7,90.4,21,100,12.5,rain,52.9,31.7,1005.8,8.3,40.9,3,"Rain, Partially cloudy"
2022-04-12,19.8,6.1,12.1,11.1,78.1,0,0,0,,41.8,29.5,1007.9,10,164.7,7,Partially cloudy
2022-04-13,20.2,7,12.9,12.4,70.4,0,0,0,,40.7,20.5,1015.3,10,189.5,7,Clear
2022-04-14,17,5.2,11.3,11.1,78.6,0,0,0,,27.7,20.5,1022.8,10,184.6,7,Clear
2022-04-15,19.8,6.2,12.2,11.8,82.7,0,0,0,,32.8,18.4,1022.9,10,184,7,Clear
2022-04-16,20.8,7.2,13.5,13.4,88.6,0,0,0,,29.2,22.3,1023.3,6.4,179.1,7,Partially cloudy
2022-04-17,21,8.8,14.5,14.4,87.1,0,0,0,,29.2,16.6,1023.4,8.3,161.1,6,Partially cloudy
2022-04-18,20.2,8.1,14.9,14.9,93.2,0,0,0,rain,38.9,22.3,1020.8,7.5,136.5,6,Partially cloudy
2022-04-19,21.1,13.7,16.4,16.4,93.8,0,0,0,,44.3,20.5,1017.3,6.3,160.7,6,Partially cloudy
2022-04-20,18.8,14.7,16.5,16.5,95.3,0,0,0,rain,31,16.6,1014.7,5.7,136,5,Partially cloudy
2022-04-21,19.1,10.9,14.1,14.1,74.7,0,0,0,rain,38.5,22.3,1009,9.6,167.4,6,Partially cloudy
2022-04-22,17.6,10.1,13.1,13.1,74,0,0,0,rain,61.2,37.1,1002.1,9.9,140.5,6,Partially cloudy
2022-04-23,23.8,4.8,14,13.1,64.2,0,0,0,,66.6,46.4,1001.5,10,159.8,6,Partially cloudy
2022-04-24,23,10.8,16.9,16.9,70.8,2,100,4.17,rain,63.7,27.7,1004.7,10,160.2,6,"Rain, Partially cloudy"
2022-04-25,20.1,8.2,16.1,16.1,63.8,0,0,0,rain,64.8,20.5,1006.6,9.6,149.2,6,Partially cloudy
2022-04-26,22.2,5.4,14.5,14.2,92.3,22,100,4.17,rain,50,35.3,1004.7,7.2,134.1,6,"Rain, Partially cloudy"
2022-04-27,17.9,9.8,15,14.8,68.8,47.6,100,8.33,rain,59.8,29.5,1002.9,8.9,163.5,6,"Rain, Partially cloudy"
2022-04-28,13.2,7.9,10.5,9.6,64.4,0,0,0,rain,59.8,33.5,1016.1,10,156.1,6,Partially cloudy
2022-04-29,14.1,3.9,8.5,7.3,75.1,0,0,0,rain,40,18.4,1025.1,9.9,100.1,5,Partially cloudy
2022-04-30,13.9,0.2,6.9,6.2,73,0,0,0,,31.7,20.5,1020.7,10,150,6,Partially cloudy
2022-05-01,13.1,3.2,9.7,8.6,73.2,0,0,0,rain,47.9,24.1,1017,10,53.5,3,Partially cloudy
2022-05-02,11.9,8.3,10.2,10,63.8,0,0,0,,21.2,14.8,1024.4,10,75,3,Overcast
2022-05-03,15.9,0.8,8.8,7.9,77.5,0,0,0,,39.2,24.1,1022.2,10,148.1,6,Clear
2022-05-04,19.1,5.1,11.6,10,71.3,0,0,0,,53.6,37.1,1017.6,10,144.4,6,Clear
2022-05-05,21.2,6.8,13.4,12.2,73.3,0,0,0,,45,27.7,1017.5,10,129.5,5,Partially cloudy
2022-05-06,20,7.8,12.4,11.9,85.6,0,0,0,,39.2,20.5,1019.5,8,138.8,5,Clear
2022-05-07,23.1,7.2,14.3,14,83.4,0,0,0,,46.4,37.1,1019.2,6.8,127.8,5,Partially cloudy
2022-05-08,22.9,9.2,15.6,15.6,84.4,0,0,0,,61.2,42.5,1015.6,8.8,135.5,5,Partially cloudy
2022-05-09,16.8,10.9,13.5,13.5,83.1,0,0,0,,29.5,20.5,1021.1,8.9,124.8,5,Partially cloudy
2022-05-10,14.9,9.1,11.8,11.8,82.8,0,0,0,,24.8,18.4,1019.8,9,93.1,4,Partially cloudy
2022-05-11,15.1,5,11.3,11.1,76.3,0,0,0,,25.9,24.1,1022.3,9.2,133.5,5,Clear
2022-05-12,14.2,2.1,8.8,8.6,87.1,0,0,0,,28.4,18.4,1021.3,8.4,120.6,5,Partially cloudy
2022-05-13,15.8,8.2,11.8,11.7,90,2,100,4.17,rain,39.2,14.8,1018,9.8,12.6,1,"Rain, Partially cloudy"
2022-05-14,16.2,3.1,9.7,8.8,70.5,0,0,0,,37.1,22.3,1018.6,10,123.6,5,Clear
2022-05-15,12.9,3.9,9.4,8.5,84.5,3,100,4.17,rain,56.9,29.5,1016.6,9.3,36.1,3,"Rain, Partially cloudy"
2022-05-16,12.9,10.7,11.4,11.4,87.4,12,100,12.5,rain,61.6,37.1,1018.4,6.4,36.3,2,"Rain, Partially cloudy"
2022-05-17,13.1,11.7,12.4,12.4,74.6,0.2,100,4.17,rain,64.8,42.5,1022.8,9.9,51.5,3,"Rain, Overcast"
2022-05-18,11.8,9.2,10.8,10.5,71.1,0,0,0,rain,40.3,29.5,1025.4,10,84.5,4,Overcast
2022-05-19,13.2,1,7.5,6.2,82.9,0,0,0,,40.3,22.3,1020.2,9.8,124.3,5,Partially cloudy
2022-05-20,16.6,3.9,9.8,8.3,80.5,0,0,0,,47.2,29.5,1014.2,10,104.8,5,Partially cloudy
2022-05-21,20.1,4.8,11.7,11.1,74.8,0,0,0,,41.4,13,1017.1,9.2,120.6,5,Partially cloudy
2022-05-22,16.9,3.1,8.8,7.9,90.4,0,0,0,,42.1,18.4,1018.3,6.5,104,4,Partially cloudy
2022-05-23,16.8,9.4,12.1,11.7,85.8,0,0,0,,40,18.4,1015.7,9.7,74.9,4,Overcast
2022-05-24,12.1,2.9,9.2,8.5,94.8,3,100,4.17,rain,31.3,14.8,1015.5,7.2,37.9,4,"Rain, Partially cloudy"
2022-05-25,12.7,1.9,7.5,6.7,87.4,0,0,0,,33.8,20.5,1021.5,9,62,4,Partially cloudy
2022-05-26,12.1,1.1,6.4,5.5,76.7,0,0,0,,28.4,14.8,1025.1,10,108.1,5,Partially cloudy
2022-05-27,12.1,5.2,8.2,7.7,79.5,0,0,0,rain,24.8,14.8,1019.3,10,96.3,4,Partially cloudy
2022-05-28,11.9,1.2,6.6,5.3,86.9,0,0,0,,20.9,20.5,1014.2,9.7,95.5,4,Partially cloudy
2022-05-29,10.2,2.9,6.3,3.4,77.7,0,0,0,rain,53.3,24.1,1011.2,10,78.1,4,Partially cloudy
2022-05-30,9.1,1.9,5.5,2.2,71.7,4.2,100,8.33,rain,61.6,29.5,1015.2,9.6,104.8,4,"Rain, Partially cloudy"
2022-05-31,10.5,0,4.8,2.1,75.6,0,0,0,rain,43.2,24.1,1019.5,10.6,93.4,5,Clear
2022-06-01,11.8,-0.9,5.2,3,80.6,0,0,0,rain,49.3,27.7,1019.7,9.9,91.9,4,Partially cloudy
2022-06-02,9.7,-0.9,5.6,4.5,81.5,0,0,0,,24.8,11.2,1024.6,9.9,100.3,4,Partially cloudy
2022-06-03,10.8,-2.8,4,2.4,80.9,0,0,0,,32,16.6,1026.8,9.7,103.9,4,Partially cloudy
2022-06-04,13.8,1.8,7.6,6.7,86.2,0,0,0,,43.2,20.5,1021.5,9.5,71.5,3,Partially cloudy
2022-06-05,13.8,4.7,8,7.7,94.1,0,0,0,,32,9.4,1016.8,4.2,80.3,3,Partially cloudy
2022-06-06,18.2,0.9,9.3,8.3,80.3,0,0,0,,33.8,22.3,1014.6,10,101.9,4,Partially cloudy
2022-06-07,16.7,4.8,9.6,8.3,82.1,0,0,0,,50,42.5,1013.3,9.4,83,4,Partially cloudy
2022-06-08,16.2,0.8,7.6,5.7,91.6,0,0,0,,36.4,24.1,1015.7,3.5,104.5,4,Partially cloudy
2022-06-09,13.8,5.1,8,5.4,92.2,0,0,0,,44.6,29.5,1017.5,5.2,71.3,3,Partially cloudy
2022-06-10,8.1,2.8,5.8,2.2,87.6,6.3,100,16.67,rain,59,29.5,1021.4,8.7,24.4,1,"Rain, Partially cloudy"
2022-06-11,12.9,2.5,7.5,5.5,75.4,0,0,0,,56.2,22.3,1020.8,10,99.3,4,Partially cloudy
2022-06-12,16.2,-1.4,6,5.3,78.8,0,0,0,,22.7,9.4,1022.2,7.1,104.4,4,Partially cloudy
2022-06-13,18.1,2.1,9.2,8.1,72.9,0,0,0,,49.3,24.1,1020.8,9.7,104,4,Partially cloudy
2022-06-14,14.1,3.7,9,7.6,79.9,0,0,0,,54.4,31.7,1016.4,9.9,71,3,Partially cloudy
2022-06-15,16.1,1.8,7.1,6.2,93.2,0,0,0,,20.5,13,1016.2,4.5,96.9,4,Partially cloudy
2022-06-16,10.2,1,6.6,5.7,92.2,0,0,0,,25.6,16.6,1013.3,6.3,66.4,3,Partially cloudy
2022-06-17,9.8,-0.1,4.7,0.7,90.9,5.6,100,8.33,rain,63,40.7,1006.8,6.2,44.6,3,"Rain, Partially cloudy"
2022-06-18,13.1,-0.1,5.6,3.3,63.6,0.2,100,4.17,rain,53.3,27.7,1012.3,10,99.3,4,"Rain, Partially cloudy"
2022-06-19,11.8,0.1,5.6,3.5,77.7,0,0,0,rain,67.7,25.9,1013.9,10,51.1,2,Partially cloudy
2022-06-20,11.8,-1.8,5.3,3.8,89.9,0,0,0,,27,18.4,1017.6,6.3,65.7,3,Partially cloudy
2022-06-21,10.2,2.3,7.1,5.6,77.1,0,0,0,rain,38.9,29.5,1019.4,9.8,85.4,4,Partially cloudy
2022-06-22,7.8,-1,5.3,2.9,63.4,0,0,0,,31.7,53,1022.7,9.7,64.2,3,Partially cloudy
2022-06-23,9.8,-0.7,4.5,3.2,78,0,0,0,,18,13,1022.6,9.4,76.9,3,Partially cloudy
2022-06-24,9.1,2.1,5.9,4.4,79.2,0,0,0,rain,37.1,14.8,1026,10,86.7,4,Partially cloudy
2022-06-25,10,1,4.7,2.7,89.2,0,0,0,rain,31.3,16.6,1030.9,9.9,53.2,3,Partially cloudy
2022-06-26,9,-1,4.9,3.3,79.3,0,0,0,,37.1,22.3,1025.7,9.5,91.3,4,Partially cloudy
2022-06-27,13.1,4.1,8.2,5.8,79.9,0,0,0,,49.7,33.5,1015.5,10,97.8,4,Partially cloudy
2022-06-28,16.1,1.6,7.1,5.7,74.5,0,0,0,,45.4,18.4,1014.2,10,86.1,4,Partially cloudy
2022-06-29,18.9,7.2,12,10.9,66.1,3,100,4.17,rain,59.4,31.7,1009.3,9.7,76.4,4,"Rain, Partially cloudy"
2022-06-30,12.1,3.1,7.1,6.2,73.6,0,0,0,,36.7,25.9,1016,10,102.9,4,Partially cloudy
2022-07-01,12,1.8,7.3,5.8,72.3,0,0,0,rain,55.1,31.7,1011.5,10,59.4,3,Partially cloudy
2022-07-02,11.2,1,7.4,5.5,79.3,0,0,0,,55.4,25.9,1011.1,10,95.8,4,Partially cloudy
2022-07-03,12.8,-2.8,5,3.4,66.9,0,0,0,,34.2,31.7,1020.3,10,105.7,5,Partially cloudy
2022-07-04,12.8,1.8,7.4,6,81.4,0,0,0,,42.8,18.4,1018.4,9.5,52.5,2,Partially cloudy
2022-07-05,14.2,-3,4.9,3.4,70.8,0,0,0,,33.5,14.8,1017.4,9.7,110.7,5,Clear
2022-07-06,10.2,0.7,5.7,3.7,98.3,0.7,100,4.17,rain,41.4,20.5,1010.7,4.6,106.8,4,"Rain, Partially cloudy"
2022-07-07,11.2,0.2,8,5.5,55.1,0,0,0,,61.2,37.1,1011,9.7,109.9,5,Partially cloudy
2022-07-08,14.8,-2.4,5.6,3.7,63.6,0,0,0,,60.1,18.4,1021.2,10,109.3,5,Partially cloudy
2022-07-09,14.1,9,10.9,10.3,89,0.9,100,4.17,rain,63.4,19.4,1011,8.2,15.2,1,"Rain, Overcast"
2022-07-10,15.8,9.8,12.1,11.9,85.4,0,0,0,rain,47.9,22.3,1005.6,7.9,47.8,3,Overcast
2022-07-11,10.3,6.1,8.5,6.6,80.3,0,0,0,rain,49.3,25.8,1012.7,9.6,56.5,3,Overcast
2022-07-12,10.9,2.2,6.6,4.5,73.8,0,0,0,rain,54.7,27.7,1015.9,9.8,97,5,Partially cloudy
2022-07-13,15,5,8.5,5.9,70.7,0,0,0,,65.5,38.9,1015.1,10,97.3,4,Partially cloudy
2022-07-14,11.8,4,9.1,8.6,95.5,0,0,0,rain,43.9,29.5,1013.8,7.1,61.3,3,Partially cloudy
2022-07-15,12,9,10.9,10.4,98.7,7,100,8.33,rain,59.4,22.3,1008.8,4.6,38.4,2,"Rain, Overcast"
2022-07-16,9,6.7,8.5,5.3,84.4,0,0,0,rain,64.1,29.5,1009.5,9.1,28.9,1,Overcast
2022-07-17,15,-0.9,7.2,4.3,68.1,0,0,0,,63.7,35.3,1012.1,10,114.8,5,Partially cloudy
2022-07-18,12.9,2.7,8.2,6.1,70.4,0,0,0,,70.9,27.7,1019.6,10,113.6,5,Partially cloudy
2022-07-19,13.1,-3.8,5,3.1,78.5,0,0,0,,57.2,37.1,1024,9.6,122,5,Clear
2022-07-20,18,4.9,10.1,8.3,75.6,0,0,0,,63.7,35.3,1011.4,9.6,117.2,5,Clear
2022-07-21,12.9,6,9.5,8.5,70.2,0,0,0,,58.3,27.7,1012.5,10,104.1,4,Partially cloudy
2022-07-22,12.1,3.6,8.2,7.5,74.8,0,0,0,,21.2,14.8,1017,8.6,77.1,4,Partially cloudy
2022-07-23,12.8,6.6,10,9.3,98.2,0.3,100,4.17,rain,31.7,16.6,1014.8,6.4,75.9,3,"Rain, Partially cloudy"
2022-07-24,11,6.2,9.4,8.6,99.5,0,0,0,rain,23.4,20.5,1018.5,2.4,89.9,4,Partially cloudy
2022-07-25,11.2,8.2,10,8.8,98.6,0,0,0,rain,58,25.9,1022.5,8,77,4,Overcast
2022-07-26,15.1,10.9,12.1,12.1,100,24,100,8.33,rain,59.4,22.3,1018.1,2.8,29,1,"Rain, Overcast"
2022-07-27,12.9,10.1,10.9,10.9,100,21,100,8.33,rain,30.2,22.3,1014.3,3.2,17.8,2,"Rain, Partially cloudy"
2022-07-28,10.1,8.1,9.2,6.3,96.8,1.1,100,8.33,rain,55.8,33.5,1010.5,6.8,25.9,1,"Rain, Overcast"
2022-07-29,17.7,2.1,9.3,8.2,78.9,0,0,0,,42.1,16.6,1014.5,9.8,128.9,5,Clear
2022-07-30,17,1.2,8.1,7.6,83.7,0,0,0,,19.8,13,1016.8,10,120.2,5,Partially cloudy
2022-07-31,16.2,4.2,9.7,9.4,87.1,0,0,0,,18.4,11.2,1018.4,8.5,91,4,Partially cloudy
2022-08-01,16.9,3.9,9.2,8.6,88.8,0,0,0,,25.6,14.8,1018.7,7,118,5,Partially cloudy
2022-08-02,12.9,3.1,8.7,8.4,97.2,0,0,0,,34.9,14.8,1019.5,8.8,111,4,Partially cloudy
2022-08-03,11.1,8.3,10.1,9.3,96.5,0,0,0,rain,27,18.4,1017.2,5.8,128.1,5,Overcast
2022-08-04,9.1,1.8,7.3,6,80.8,0,0,0,,25.2,16.6,1016.1,9.2,111.1,5,Partially cloudy
2022-08-05,12.8,-0.7,5.9,4.9,88.5,0,0,0,,36.7,16.6,1017.8,7.4,138.8,5,Partially cloudy
2022-08-06,10.1,0.8,6.3,5.4,87.4,0,0,0,,23.8,14.8,1022.8,9.9,60.5,3,Partially cloudy
2022-08-07,7.7,5.3,6.6,4.9,82.5,0.2,100,4.17,rain,22,20.5,1026.8,9.9,54.4,2,"Rain, Overcast"
2022-08-08,12.1,5.9,8.5,7.4,82.9,0,0,0,rain,20.2,20.5,1030.4,9.8,50.4,2,Partially cloudy
2022-08-09,13,4.1,8.3,7.6,83.4,0,0,0,rain,34.2,18.4,1032.1,9.1,142,6,Partially cloudy
2022-08-10,14.2,3.2,7.9,6.3,84.4,0,0,0,,43.2,25.9,1027.1,7,137.7,5,Partially cloudy
2022-08-11,16.1,5.9,10.1,8.5,81.5,0,0,0,,50,33.5,1020.8,8.2,150.3,6,Partially cloudy
2022-08-12,17.2,4.1,9.8,8.9,86.8,0,0,0,,46.8,20.5,1016.5,10,147.9,6,Clear
2022-08-13,20.9,6.1,13,12.5,69,0,0,0,,51.1,20.5,1016,10,152.8,6,Partially cloudy
2022-08-14,16.1,10.9,12.6,12.6,92,0,0,0,rain,53.6,24.1,1010.8,9.1,137.1,5,Partially cloudy
2022-08-15,12.7,2.7,9.3,8.4,79.5,33.3,100,8.33,rain,64.8,35.3,1003.1,8.8,139.3,5,"Rain, Partially cloudy"
2022-08-16,15.1,3.8,9.1,7.3,67.4,0,0,0,,70.9,38.9,1003.1,10,145.7,6,Partially cloudy
2022-08-17,13.3,4.8,9.1,7.3,79,2,100,4.17,rain,45.4,33.5,1006.9,9.8,99.8,5,"Rain, Partially cloudy"
2022-08-18,10,2.9,6,3,79.4,1.1,100,8.33,rain,52.2,31.7,1017.9,9.7,162.3,6,"Rain, Partially cloudy"
2022-08-19,16.2,-1.3,7.2,5.1,69.5,0,0,0,,47.9,29.5,1023.6,10,167.3,6,Clear
2022-08-20,17.8,4.2,10.8,8.9,59.7,0,0,0,,55.1,40.7,1024,10,156.3,6,Partially cloudy
2022-08-21,10.8,4.1,8.2,6,85.5,0,0,0,rain,39.2,29.5,1027.8,8.9,61,2,Partially cloudy
2022-08-22,10.8,6,7.9,6.4,93.1,0,0,0,rain,45,20.5,1026.7,7.4,167.5,6,Partially cloudy
2022-08-23,15.9,6.1,9.6,8.1,90.7,0,0,0,,46.4,22.3,1020.2,6.1,176,6,Partially cloudy
2022-08-24,21.2,4.7,12.3,11.4,79.6,0,0,0,,27,16.6,1017,7.7,167.1,6,Partially cloudy
2022-08-25,21.8,6.9,13.4,13.4,79.8,0,0,0,rain,25.2,14.8,1016.1,8.9,163.5,6,Partially cloudy
2022-08-26,16.2,0.8,9.8,9.4,85.4,0,0,0,rain,26.3,14.8,1013.9,7.6,161.8,6,Partially cloudy
2022-08-27,13,5.7,10,9,72.1,2.3,100,8.33,rain,64.8,44.6,1013,8.4,169.9,7,"Rain, Partially cloudy"
2022-08-28,10.2,0,5.6,3.7,69,0,0,0,,50.4,29.5,1030.4,9.9,185.7,7,Partially cloudy
2022-08-29,16,0,7.8,5.9,56.2,0,0,0,,47.2,31.7,1030.6,10,193.9,7,Clear
2022-08-30,18,1,10,8,72,0,0,0,,55.8,33.5,1025.2,9.4,196.3,7,Clear
2022-08-31,18,6,11.1,10.5,89.6,0,28.6,0,,51.8,18.4,1017.7,11.1,172.6,7,Partially cloudy
